2024-11-14,REPÚBLICA - 2024
2024-11-15,REPÚBLICA - 2024
2024-11-16,REPÚBLICA - 2024
2024-12-20,NATAL / 2024
2024-12-21,NATAL / 2024
2024-12-22,NATAL / 2024
2024-12-23,NATAL / 2024
2024-12-24,NATAL / 2024
2024-12-25,NATAL / 2024
2024-12-26,NATAL / 2024
2024-12-27,REVEILLON / 2024-2025
2024-12-28,REVEILLON / 2024-2025
2024-12-29,REVEILLON / 2024-2025
2024-12-30,REVEILLON / 2024-2025
2024-12-31,REVEILLON / 2024-2025
2025-01-01,REVEILLON / 2024-2025
2025-01-02,REVEILLON / 2024-2025
2025-01-03,REVEILLON / 2024-2025
