date,discount_id,id
2024-06-01,a9359545-b739-450d-adbd-058d32af319f,8507fdc9-5236-4ffe-a210-bcf256ea3f16
2024-06-02,a9359545-b739-450d-adbd-058d32af319f,74b20c5f-9307-466f-87cb-e14b89ad59b5
2024-06-03,a9359545-b739-450d-adbd-058d32af319f,d0f2378e-0dcf-4b10-8324-5360e6f47f86
2024-06-04,a9359545-b739-450d-adbd-058d32af319f,02567129-0724-483b-926c-316e6d0637b0
2024-06-05,a9359545-b739-450d-adbd-058d32af319f,8ea95915-13d7-4865-b003-e8418fa96ee9
2024-06-06,a9359545-b739-450d-adbd-058d32af319f,555714e8-2794-49b2-b66f-2832639cc514
2024-06-07,a9359545-b739-450d-adbd-058d32af319f,a16049e4-c982-44c0-b8e8-da6485801855
2024-06-08,a9359545-b739-450d-adbd-058d32af319f,3e7d6d08-a96b-495d-bd85-77038fa41bc8
2024-06-09,a9359545-b739-450d-adbd-058d32af319f,7af83751-9c84-42c7-898f-c773cd4e5600
2024-06-10,a9359545-b739-450d-adbd-058d32af319f,ca420544-6b3f-4cd1-a1a4-cdb6ce337872
2024-06-11,a9359545-b739-450d-adbd-058d32af319f,4f9abe28-f49e-48d9-9270-e7dcb8866cf0
2024-06-12,a9359545-b739-450d-adbd-058d32af319f,13c665f8-e688-4e69-9760-10a2285ba682
2024-06-13,a9359545-b739-450d-adbd-058d32af319f,05858dd3-9525-4b4f-b46f-578857804160
2024-06-14,a9359545-b739-450d-adbd-058d32af319f,1821b0d9-d746-4ad9-ae93-ab235fbccb8b
2024-06-15,a9359545-b739-450d-adbd-058d32af319f,50755ebc-7e46-4be9-9cc4-b5e74a1d8e54
2024-06-16,a9359545-b739-450d-adbd-058d32af319f,9d8b8725-775a-4369-942f-1fca13863e94
2024-06-17,a9359545-b739-450d-adbd-058d32af319f,1e3207aa-0b6c-44d7-83bc-7416b7ef218d
2024-06-18,a9359545-b739-450d-adbd-058d32af319f,4dfda7ed-a138-4b66-b9ee-84ec2aafa9ff
2024-06-19,a9359545-b739-450d-adbd-058d32af319f,c1f5b659-90eb-4b28-8870-e9a203ab17af
2024-06-20,a9359545-b739-450d-adbd-058d32af319f,c9b90627-fe93-40b8-8a92-3c05700d6604
2024-06-21,a9359545-b739-450d-adbd-058d32af319f,ea2f8b10-b3ac-42f2-a011-38e5e21a48a0
2024-06-22,a9359545-b739-450d-adbd-058d32af319f,78b77156-c564-4feb-9f3c-9b2553424677
2024-06-23,a9359545-b739-450d-adbd-058d32af319f,5ea5f00c-ee16-4868-ab67-5cd2f47c1905
2024-06-24,a9359545-b739-450d-adbd-058d32af319f,a59d932e-a0c9-4b55-81b2-5c95504a92ac
2024-06-25,a9359545-b739-450d-adbd-058d32af319f,56520b6b-ce25-4e53-a80a-6fbd03ff0c74
2024-06-26,a9359545-b739-450d-adbd-058d32af319f,44dc14c7-a733-4c98-a597-acc0e7d68632
2024-06-27,a9359545-b739-450d-adbd-058d32af319f,f080c407-c7c9-4ba6-8108-8074ac6a5c9f
2024-06-28,a9359545-b739-450d-adbd-058d32af319f,8262bcdd-3506-4605-8554-c7f484b880a0
2024-06-29,a9359545-b739-450d-adbd-058d32af319f,bcecb886-96e3-4148-b137-3ac0e172252e
2024-06-30,a9359545-b739-450d-adbd-058d32af319f,449bf331-6f57-41fb-a45c-28661aa5a5a4
2024-07-01,a9359545-b739-450d-adbd-058d32af319f,41997d78-0157-4984-9748-98b19faf26ec
2024-07-02,a9359545-b739-450d-adbd-058d32af319f,f7493e8b-47ab-4dd8-9369-0806fe4a720a
2024-07-03,a9359545-b739-450d-adbd-058d32af319f,892f32ff-9408-4257-983c-0e581e032cce
2024-07-04,a9359545-b739-450d-adbd-058d32af319f,80056687-a4ee-4e9b-b8e8-35ccf7febdc6
2024-07-05,a9359545-b739-450d-adbd-058d32af319f,ae249ca5-731f-4367-9869-67ad9a95ec94
2024-07-06,a9359545-b739-450d-adbd-058d32af319f,1512ad9d-dbc1-4c76-bfcf-f811b42d9a9f
2024-07-07,a9359545-b739-450d-adbd-058d32af319f,d3f95389-d88d-4601-9966-e35bd4a3b833
2024-07-08,a9359545-b739-450d-adbd-058d32af319f,c797e984-73b5-44c0-a4f4-4f8694627fb3
2024-07-09,a9359545-b739-450d-adbd-058d32af319f,e9fc0b73-e304-4b33-969d-91c76bb3a028
2024-07-10,a9359545-b739-450d-adbd-058d32af319f,4b81cb8a-f64a-410e-bf28-199582f64c1b
2024-07-11,a9359545-b739-450d-adbd-058d32af319f,a3bdfe76-0e29-416a-99eb-a5b578f18a66
2024-07-12,a9359545-b739-450d-adbd-058d32af319f,8bb4b0d5-623e-4a6d-9f42-880f2f4502d4
2024-07-13,a9359545-b739-450d-adbd-058d32af319f,61eb624f-4285-4a3b-9da8-fe0f0f28e8fb
2024-07-14,a9359545-b739-450d-adbd-058d32af319f,a762ce93-1d17-4d28-950c-26c4aea34a9b
2024-07-15,a9359545-b739-450d-adbd-058d32af319f,62959aad-562b-42b5-8d8d-ca34f2e6688a
2024-07-16,a9359545-b739-450d-adbd-058d32af319f,0f3703f0-3ee3-4cc5-86c3-57b33c2a0a3b
2024-07-17,a9359545-b739-450d-adbd-058d32af319f,494ce0b7-5867-49fb-94e2-37b20f7678ee
2024-07-18,a9359545-b739-450d-adbd-058d32af319f,2ca4bc8d-b7ab-4900-9e40-7aecd7d59f5f
2024-07-19,a9359545-b739-450d-adbd-058d32af319f,5ad42831-e928-4176-95d6-a422fa3b3a9e
2024-07-20,a9359545-b739-450d-adbd-058d32af319f,e8a65b90-0724-4f7f-87b5-a9a8cf9b80a4
2024-07-21,a9359545-b739-450d-adbd-058d32af319f,a00d487a-0eca-49ef-ae49-ba6f607e1373
2024-07-22,a9359545-b739-450d-adbd-058d32af319f,1584a454-c737-4d5e-9154-2e03a6ff7b79
2024-07-23,a9359545-b739-450d-adbd-058d32af319f,052960c2-efd3-4c6a-8b41-0d73c95a2fc8
2024-07-24,a9359545-b739-450d-adbd-058d32af319f,e1f02d2b-90b0-4650-ab7a-dadb10251f8b
2024-07-25,a9359545-b739-450d-adbd-058d32af319f,1fc76bf8-f8ed-4199-927e-9dcd55f774fa
2024-07-26,a9359545-b739-450d-adbd-058d32af319f,e457fa0e-65bd-4817-92e0-897299ef6ee6
2024-07-27,a9359545-b739-450d-adbd-058d32af319f,38424108-bdd1-475e-8b71-c043c3a50cfd
2024-07-28,a9359545-b739-450d-adbd-058d32af319f,41f0c92d-c9c1-41cb-a612-ded3edf9d544
2024-07-29,a9359545-b739-450d-adbd-058d32af319f,4f4a1638-8369-4ab1-8df3-2a1ff6642a80
2024-07-30,a9359545-b739-450d-adbd-058d32af319f,43607557-5551-408f-9262-6e3c866e4c9f
2024-07-31,a9359545-b739-450d-adbd-058d32af319f,1c416189-ea20-44ec-ae96-0625bb63403b
2024-08-01,a9359545-b739-450d-adbd-058d32af319f,7d9ec0ca-137e-4315-8450-a4cb2aa0ed90
2024-08-02,a9359545-b739-450d-adbd-058d32af319f,0c10f32a-f913-4d00-a83a-354e7efc139f
2024-08-03,a9359545-b739-450d-adbd-058d32af319f,e39456a8-a332-4cf0-a3c8-81586007baf0
2024-08-04,a9359545-b739-450d-adbd-058d32af319f,57bd10fc-db91-4da6-9237-5054f562e19b
2024-08-05,a9359545-b739-450d-adbd-058d32af319f,e9a9b844-8b51-4a16-b9f8-c80e44f5bd68
2024-08-06,a9359545-b739-450d-adbd-058d32af319f,2e4aa588-7158-4d5b-a0e4-144ef12cbbb7
2024-08-07,a9359545-b739-450d-adbd-058d32af319f,f421f700-7ed0-4a97-9426-5517dc728d20
2024-08-08,a9359545-b739-450d-adbd-058d32af319f,1e74982c-2557-4a90-86e4-4ae042e28988
2024-08-09,a9359545-b739-450d-adbd-058d32af319f,0a47e91f-ec23-4188-8aa3-5b623199c6d6
2024-08-10,a9359545-b739-450d-adbd-058d32af319f,e9125f7f-41e1-4af7-892f-fbdb8454d1fe
2024-08-11,a9359545-b739-450d-adbd-058d32af319f,d2f7946b-10a5-4812-9e9a-88c33ae12f75
2024-08-12,a9359545-b739-450d-adbd-058d32af319f,5dd92444-5a04-41ec-bb08-dc8df3016b9a
2024-08-13,a9359545-b739-450d-adbd-058d32af319f,dcc05065-8341-40bc-a78f-537b3f410353
2024-08-14,a9359545-b739-450d-adbd-058d32af319f,1343cce7-7c67-4727-af61-eae1ba49b268
2024-08-15,a9359545-b739-450d-adbd-058d32af319f,964ac592-dd75-42e8-a778-c74fcf82ea29
2024-08-16,a9359545-b739-450d-adbd-058d32af319f,e7589a97-698c-4865-a01d-cb6d64be88fa
2024-08-17,a9359545-b739-450d-adbd-058d32af319f,e301be2a-7dee-4237-996e-e84c50749524
2024-08-18,a9359545-b739-450d-adbd-058d32af319f,0ab05b49-a68f-4d94-b8fa-ab13a9d2bcdb
2024-08-19,a9359545-b739-450d-adbd-058d32af319f,d2405f96-3c8b-4b90-b489-8d964550de8e
2024-08-20,a9359545-b739-450d-adbd-058d32af319f,4b7d5848-8a65-487e-a85c-4116dcf1691d
2024-08-21,a9359545-b739-450d-adbd-058d32af319f,2dab1ae7-7b66-48a6-950a-a4cf401acfc6
2024-08-22,a9359545-b739-450d-adbd-058d32af319f,05bf7ff2-0b67-40c4-a357-9739235cca49
2024-08-23,a9359545-b739-450d-adbd-058d32af319f,deba6efe-4a79-4d2f-98c5-9a581cbf60cb
2024-08-24,a9359545-b739-450d-adbd-058d32af319f,68ce0abc-3da7-463f-b7b1-56de87ee4f64
2024-08-25,a9359545-b739-450d-adbd-058d32af319f,6b7f21a0-4a47-445f-9a72-6e94ff63c76b
2024-08-26,a9359545-b739-450d-adbd-058d32af319f,53ac5095-9ca1-43c0-b1a6-e734dc44d0fb
2024-08-27,a9359545-b739-450d-adbd-058d32af319f,e0488336-8325-4258-a086-e5d06bb9833d
2024-08-28,a9359545-b739-450d-adbd-058d32af319f,a268c853-220a-455a-87f8-53a8a9f77b5b
2024-08-29,a9359545-b739-450d-adbd-058d32af319f,9e6b2ed1-b8c0-449b-9d69-b7c1d3bd1167
2024-08-30,a9359545-b739-450d-adbd-058d32af319f,2189e472-dd70-4651-9bd6-89fc214be4f4
2024-08-31,a9359545-b739-450d-adbd-058d32af319f,2fbecab7-9b27-4f12-85cd-224f90bd4994
2024-09-01,a9359545-b739-450d-adbd-058d32af319f,85206a31-99a3-4dc3-918f-ccd95fb1be15
2024-09-02,a9359545-b739-450d-adbd-058d32af319f,8497018a-d53f-4b40-b54c-7927d3728666
2024-09-03,a9359545-b739-450d-adbd-058d32af319f,85390064-e5a9-4499-aeef-886f1f26d4b7
2024-09-04,a9359545-b739-450d-adbd-058d32af319f,9377d35b-1045-41b0-a35c-f03202af41fa
2024-09-05,a9359545-b739-450d-adbd-058d32af319f,ba9dbd10-360d-4570-93b0-44b1243dfb95
2024-09-06,a9359545-b739-450d-adbd-058d32af319f,6e7e920e-3bcc-493d-98a4-0e4518502e1b
2024-09-07,a9359545-b739-450d-adbd-058d32af319f,ca2df325-6520-4213-b2a9-d07c024c47b3
2024-09-08,a9359545-b739-450d-adbd-058d32af319f,e7b477a4-eace-46c0-8d1f-ffef9ebe1d9e
2024-09-09,a9359545-b739-450d-adbd-058d32af319f,b288f83a-1411-4d78-bd26-10ccb3c5b661
2024-09-10,a9359545-b739-450d-adbd-058d32af319f,014a2956-ab60-43dd-b14f-4430696f5f62
2024-09-11,a9359545-b739-450d-adbd-058d32af319f,44509c10-9641-4386-8cf7-aca0bac271a7
2024-09-12,a9359545-b739-450d-adbd-058d32af319f,c1cdba75-42f8-494e-9ec7-48a282c93e08
2024-09-13,a9359545-b739-450d-adbd-058d32af319f,89cd3113-e74f-43ab-8f4b-a78117fb1e7e
2024-09-14,a9359545-b739-450d-adbd-058d32af319f,56aa8343-b6d8-4467-b45b-4067f0f9916d
2024-09-15,a9359545-b739-450d-adbd-058d32af319f,c2449394-2a0e-4104-9089-44f5f9f28ec5
2024-09-16,a9359545-b739-450d-adbd-058d32af319f,946f1c68-cfb5-4135-891a-2ab75bfb3be8
2024-09-17,a9359545-b739-450d-adbd-058d32af319f,a366bcbb-b825-46c8-92d8-144f77239c0d
2024-09-18,a9359545-b739-450d-adbd-058d32af319f,678ec917-ec86-4020-a61f-bc6ebb642853
2024-09-19,a9359545-b739-450d-adbd-058d32af319f,68a1ed64-670f-4ff4-9d19-667425b37501
2024-09-20,a9359545-b739-450d-adbd-058d32af319f,52dfa770-6d2b-47b6-a52b-577f13c1064e
2024-09-21,a9359545-b739-450d-adbd-058d32af319f,4cce704c-b3e4-4160-a3bb-004f7115daa1
2024-09-22,a9359545-b739-450d-adbd-058d32af319f,0b80cc06-761b-4e70-853b-8d2cd903dca9
2024-09-23,a9359545-b739-450d-adbd-058d32af319f,7f26e7b1-47d9-49fc-8034-40dba8a637bf
2024-09-24,a9359545-b739-450d-adbd-058d32af319f,7509974e-ffa4-4ad3-9e0c-25364b4bbc24
2024-09-25,a9359545-b739-450d-adbd-058d32af319f,f2cf7e83-cdb7-494b-b63c-842d4b89437a
2024-09-26,a9359545-b739-450d-adbd-058d32af319f,e933b4fd-e032-4367-9f4b-00c59d594bf4
2024-09-27,a9359545-b739-450d-adbd-058d32af319f,69ac5357-7025-43e2-82f0-c50f4552f360
2024-09-28,a9359545-b739-450d-adbd-058d32af319f,0766639a-2d9c-4794-9d4d-9190e41610c6
2024-09-29,a9359545-b739-450d-adbd-058d32af319f,59e57e06-487b-418c-bfd2-c2631117a30c
2024-09-30,a9359545-b739-450d-adbd-058d32af319f,bf4ccf3f-c89f-419c-9097-d31df77a7285
2024-10-01,a9359545-b739-450d-adbd-058d32af319f,2f58639a-5428-43a8-b036-e39627de5f3f
2024-10-02,a9359545-b739-450d-adbd-058d32af319f,42793431-b5a7-4c92-8972-84e1f68baa8d
2024-10-03,a9359545-b739-450d-adbd-058d32af319f,1f21fae8-daa7-41b5-82d0-39735c9bd0fd
2024-10-04,a9359545-b739-450d-adbd-058d32af319f,50896282-19b4-4652-a15e-fb7dbd5bb3ad
2024-10-05,a9359545-b739-450d-adbd-058d32af319f,fc64bdcd-12b8-4c6e-a75b-e94d501797b7
2024-10-06,a9359545-b739-450d-adbd-058d32af319f,3a75a261-adf2-4ea7-a8a2-3b632ab54a07
2024-10-07,a9359545-b739-450d-adbd-058d32af319f,940e1d13-5591-4ff4-9be0-4f37c080e239
2024-10-08,a9359545-b739-450d-adbd-058d32af319f,4a048490-e868-429f-9c86-9e5b7a296be5
2024-10-09,a9359545-b739-450d-adbd-058d32af319f,79eaffd6-4b1f-4a62-b281-6530a6eaec64
2024-10-10,a9359545-b739-450d-adbd-058d32af319f,d3740cdd-880b-43f8-a7d2-210f60760730
2024-10-11,a9359545-b739-450d-adbd-058d32af319f,222d6b5e-29b9-450f-9f75-56b3c9f60cc2
2024-10-12,a9359545-b739-450d-adbd-058d32af319f,991c0f72-4588-4c12-9a5c-d377816a61c3
2024-10-13,a9359545-b739-450d-adbd-058d32af319f,9530aae0-d4ac-4d5d-b28e-d8cf565870d7
2024-10-14,a9359545-b739-450d-adbd-058d32af319f,dfac520e-16e0-436d-b74c-9ab347ba44e5
2024-10-15,a9359545-b739-450d-adbd-058d32af319f,e6e14e5a-9576-4357-8060-cd21afbbafa9
2024-10-16,a9359545-b739-450d-adbd-058d32af319f,7578ab06-1a83-4ff7-b727-2c0a2ec5e4da
2024-10-17,a9359545-b739-450d-adbd-058d32af319f,a44e88c9-df3e-4e5c-955e-48b873d6eafe
2024-10-18,a9359545-b739-450d-adbd-058d32af319f,c1bc3310-50e5-48c9-9d8f-a4864c394b88
2024-10-19,a9359545-b739-450d-adbd-058d32af319f,0b7fa176-74b1-4f7b-8b9a-8f390ecea2a2
2024-10-20,a9359545-b739-450d-adbd-058d32af319f,d8948062-4d02-4ce2-b286-15ee30e9bdc2
2024-10-21,a9359545-b739-450d-adbd-058d32af319f,d3243e74-7171-461f-8892-f8f12770a068
2024-10-22,a9359545-b739-450d-adbd-058d32af319f,2f73420c-7c22-4dc0-b843-91469eab5d81
2024-10-23,a9359545-b739-450d-adbd-058d32af319f,a4523f19-6359-4135-93bb-766dfb515d95
2024-10-24,a9359545-b739-450d-adbd-058d32af319f,0323616b-8cd4-47a4-87fa-ca26cf8c20c5
2024-10-25,a9359545-b739-450d-adbd-058d32af319f,c942f06b-fb92-4a8a-a289-b40f3481b730
2024-10-26,a9359545-b739-450d-adbd-058d32af319f,ad8a5ce4-708e-4e5d-8a8d-a60f11d15557
2024-10-27,a9359545-b739-450d-adbd-058d32af319f,f18434b7-bcff-4110-a3bd-f60ecce473aa
2024-10-28,a9359545-b739-450d-adbd-058d32af319f,258c984a-1ca6-4d87-b84a-4c6a6d39ba92
2024-10-29,a9359545-b739-450d-adbd-058d32af319f,05aa0879-b8e4-4e1c-b5dc-525c1f3e44f2
2024-10-30,a9359545-b739-450d-adbd-058d32af319f,abc29869-1df5-404c-9b62-91830ad28f9e
2024-10-31,a9359545-b739-450d-adbd-058d32af319f,5c19da6b-4fba-442a-981f-548e3e7cd865
2024-11-01,a9359545-b739-450d-adbd-058d32af319f,c7277204-1b8c-4630-911a-962ddbb29cfe
2024-11-02,a9359545-b739-450d-adbd-058d32af319f,dbc2f329-8e20-4948-99ec-a4312f63c67e
2024-11-03,a9359545-b739-450d-adbd-058d32af319f,e58ae505-5171-401c-ba76-471aaec5631b
2024-11-04,a9359545-b739-450d-adbd-058d32af319f,3399667f-eae5-4a89-9347-e93773b0b9db
2024-11-05,a9359545-b739-450d-adbd-058d32af319f,76d719c0-98b8-4731-a1a4-93d1e2b5fa9f
2024-11-06,a9359545-b739-450d-adbd-058d32af319f,c7410b7d-2d1d-44a0-b31e-630e663123ae
2024-11-07,a9359545-b739-450d-adbd-058d32af319f,a15c6722-0bc6-4c7b-9c2a-60e9b361b21c
2024-11-08,a9359545-b739-450d-adbd-058d32af319f,4caf2d6b-5724-4bf6-a59c-c52085e70fa9
2024-11-09,a9359545-b739-450d-adbd-058d32af319f,13d58ecc-ec63-47e0-8f9c-7a446ec56cbf
2024-11-10,a9359545-b739-450d-adbd-058d32af319f,f05758a9-7c3c-4f38-9024-5f858c576362
2024-11-11,a9359545-b739-450d-adbd-058d32af319f,42492229-f4a6-4e0f-b354-2eea29c0af0c
2024-11-12,a9359545-b739-450d-adbd-058d32af319f,5f8da101-6d93-44c6-9a0e-ccbe071df9e7
2024-11-13,a9359545-b739-450d-adbd-058d32af319f,e774db88-6a57-4ea5-9d48-d5002f900c2e
2024-11-14,a9359545-b739-450d-adbd-058d32af319f,c1151432-2cba-482f-b54c-8732886d2179
2024-11-15,a9359545-b739-450d-adbd-058d32af319f,b753fc2e-d210-4aba-909e-684b0b9b01a0
2024-11-16,a9359545-b739-450d-adbd-058d32af319f,76d862ce-baae-494f-87fc-88592a2bd567
2024-11-17,a9359545-b739-450d-adbd-058d32af319f,4955141d-a711-4294-bbb8-5565fa025420
2024-11-18,a9359545-b739-450d-adbd-058d32af319f,abf984d6-9bb5-4d13-81b0-7ff0c13a31e4
2024-11-19,a9359545-b739-450d-adbd-058d32af319f,382dfa9a-f109-4d19-badf-f3f81f85a8be
2024-11-20,a9359545-b739-450d-adbd-058d32af319f,d38fd050-7fb3-4144-a980-33d45897f1c6
2024-11-21,a9359545-b739-450d-adbd-058d32af319f,67e77deb-fcf0-40ba-8389-0330add85b79
2024-11-22,a9359545-b739-450d-adbd-058d32af319f,57391db3-28dc-42f2-93b7-7e66431491e0
2024-11-23,a9359545-b739-450d-adbd-058d32af319f,fba66eb7-a18c-4522-b069-621386ff1cbe
2024-11-24,a9359545-b739-450d-adbd-058d32af319f,41f4fe91-5a64-4429-a33a-0b7084701c41
2024-11-25,a9359545-b739-450d-adbd-058d32af319f,85921b1d-e2b4-4924-a1c4-da9886d3c59c
2024-11-26,a9359545-b739-450d-adbd-058d32af319f,87e84d33-fdae-4422-af14-7d5b6f36f523
2024-11-27,a9359545-b739-450d-adbd-058d32af319f,2bff1bda-3c72-4b50-a58b-dc00ca9e3da6
2024-11-28,a9359545-b739-450d-adbd-058d32af319f,5f701f4c-eeb7-4472-a3f4-0ba411851dd6
2024-11-29,a9359545-b739-450d-adbd-058d32af319f,3820f008-6295-401b-9c31-eb793f9ded69
2024-11-30,a9359545-b739-450d-adbd-058d32af319f,9aa591e9-4e53-4d45-b9b0-5c20a99faa03
2024-12-01,a9359545-b739-450d-adbd-058d32af319f,e16e8024-fd24-4cdb-8ce0-2e1df242af08
2024-12-02,a9359545-b739-450d-adbd-058d32af319f,1a0178d2-5d48-4a99-85eb-efc768745c41
2024-12-03,a9359545-b739-450d-adbd-058d32af319f,fdfa4191-b985-4ddf-94d5-789e6a641348
2024-12-04,a9359545-b739-450d-adbd-058d32af319f,dce910c1-ed6d-493f-ac16-9db367dd8d67
2024-12-05,a9359545-b739-450d-adbd-058d32af319f,73156db4-0b1f-4310-b57a-bd3da0fabef1
2024-12-06,a9359545-b739-450d-adbd-058d32af319f,8a3f7264-3156-4fa5-ac0c-ade6bc7a868b
2024-12-07,a9359545-b739-450d-adbd-058d32af319f,9a522691-c3df-403b-88f2-b2408d7af1f3
2024-12-08,a9359545-b739-450d-adbd-058d32af319f,f8ddc428-1f96-4e4b-9ecd-d492fe1cfc1c
2024-12-09,a9359545-b739-450d-adbd-058d32af319f,d9184716-bbac-47f3-b126-23f1f62d3fae
2024-12-10,a9359545-b739-450d-adbd-058d32af319f,5805f61c-56e3-448c-839c-3071f0e747e4
2024-12-11,a9359545-b739-450d-adbd-058d32af319f,1d5eb884-8355-4831-b360-6824376cc212
2024-12-12,a9359545-b739-450d-adbd-058d32af319f,e2aafd08-1918-474f-95b6-3b886215d3c7
2024-12-13,a9359545-b739-450d-adbd-058d32af319f,65159bb0-c8b3-464b-98c6-470d8ae19ee0
2024-12-14,a9359545-b739-450d-adbd-058d32af319f,df93f3c4-8217-45fe-a945-eebc337be214
2024-12-15,a9359545-b739-450d-adbd-058d32af319f,ac763500-dbe2-4224-850f-7132df50c8e6
2024-12-16,a9359545-b739-450d-adbd-058d32af319f,b5c59bd1-4f34-4a5e-9e0c-9b866ef47e93
2024-12-17,a9359545-b739-450d-adbd-058d32af319f,97a2cda9-acb2-4c59-a604-96f21550ebd9
2024-12-18,a9359545-b739-450d-adbd-058d32af319f,8750d971-5f23-4968-afa0-84b70886c805
2024-12-19,a9359545-b739-450d-adbd-058d32af319f,90a803d4-a5fb-4b80-8d21-8421e5d0d6aa
2024-12-20,a9359545-b739-450d-adbd-058d32af319f,b6a2bd9e-6bc9-427e-a34c-dee021661964
2024-12-21,a9359545-b739-450d-adbd-058d32af319f,0854503d-a5b0-486f-9217-4d7151019be5
2024-12-22,a9359545-b739-450d-adbd-058d32af319f,e41ef44e-6038-498f-a2dd-4f7b8665b597
2024-12-23,a9359545-b739-450d-adbd-058d32af319f,f303414e-2bf6-48f1-a728-4436246334b3
2024-12-24,a9359545-b739-450d-adbd-058d32af319f,e4fdaffb-048b-4710-b8c0-249d9d03bb84
2024-12-25,a9359545-b739-450d-adbd-058d32af319f,358a3ae1-5d36-49c5-ab91-6907cdd54e95
2024-12-26,a9359545-b739-450d-adbd-058d32af319f,244309ad-4e66-4a34-837e-90a522ee8f42
2024-12-27,a9359545-b739-450d-adbd-058d32af319f,8770a545-af1b-40d8-a202-f827eb8249de
2024-12-28,a9359545-b739-450d-adbd-058d32af319f,7d0dc6e2-983f-46f3-9d70-61017a72e934
2024-12-29,a9359545-b739-450d-adbd-058d32af319f,3b886f42-ba3d-4ec7-a8b4-78c3e693a57c
2024-12-30,a9359545-b739-450d-adbd-058d32af319f,1691cfc0-86cd-46ad-a96a-b9c4b6e7502c
2024-12-31,a9359545-b739-450d-adbd-058d32af319f,d27888a7-dda3-4b5e-983f-864b251f840e
2024-06-01,304897cc-e7a5-46d6-825b-793092f6c010,f9c389fd-3685-4b62-a35c-00c3343eb26f
2024-06-02,304897cc-e7a5-46d6-825b-793092f6c010,d36cfd38-45c1-406e-b4b4-3602230a8a96
2024-06-03,304897cc-e7a5-46d6-825b-793092f6c010,dba9fc2b-c9c9-4cb6-b5d1-bb4be69bb5ad
2024-06-04,304897cc-e7a5-46d6-825b-793092f6c010,b8739a0f-96ed-4166-a035-bd311728dd65
2024-06-05,304897cc-e7a5-46d6-825b-793092f6c010,e4f471e3-e1ce-4a95-8e18-b9203eba25c5
2024-06-06,304897cc-e7a5-46d6-825b-793092f6c010,805f337e-6e9e-4d41-88d6-f1f6fd94838f
2024-06-07,304897cc-e7a5-46d6-825b-793092f6c010,22f40fd6-f985-49aa-b8ee-939f19de029e
2024-06-08,304897cc-e7a5-46d6-825b-793092f6c010,2bc3eb43-48af-439d-bb68-5510da003e88
2024-06-09,304897cc-e7a5-46d6-825b-793092f6c010,e9685a41-b12e-4e60-8d61-8b391c44c26d
2024-06-10,304897cc-e7a5-46d6-825b-793092f6c010,e060196d-0039-4cb4-9839-32171617596f
2024-06-11,304897cc-e7a5-46d6-825b-793092f6c010,2c4e8acd-bee6-46b5-9022-e252bf439c84
2024-06-12,304897cc-e7a5-46d6-825b-793092f6c010,2999139d-366f-49e8-a001-8b4fa21a8df4
2024-06-13,304897cc-e7a5-46d6-825b-793092f6c010,fcd2a7f7-573f-445c-9d78-a474d19a2648
2024-06-14,304897cc-e7a5-46d6-825b-793092f6c010,5fdb0fa5-a880-4231-966f-70732a679f88
2024-06-15,304897cc-e7a5-46d6-825b-793092f6c010,dff6585b-1b32-416b-8203-9e8dda74fab6
2024-06-16,304897cc-e7a5-46d6-825b-793092f6c010,44c18c2a-e836-4ee7-8de2-f2d7f128655e
2024-06-17,304897cc-e7a5-46d6-825b-793092f6c010,fcdd0ffa-b587-454b-9e5a-896aab4aaeec
2024-06-18,304897cc-e7a5-46d6-825b-793092f6c010,12c157d1-f3ad-474e-9518-653e38674b0e
2024-06-19,304897cc-e7a5-46d6-825b-793092f6c010,9184fe20-f78d-49e1-94b2-47f4e6f45b2e
2024-06-20,304897cc-e7a5-46d6-825b-793092f6c010,c19fcdcb-60c2-40f6-842c-44f4f0a7c510
2024-06-21,304897cc-e7a5-46d6-825b-793092f6c010,8708aa76-5b46-42c3-b222-f3f35c4216c4
2024-06-22,304897cc-e7a5-46d6-825b-793092f6c010,6cce7d59-d787-4859-b2bc-873b7b5d3ec7
2024-06-23,304897cc-e7a5-46d6-825b-793092f6c010,a02a6cc3-19b0-493d-8fd5-11cadc532185
2024-06-24,304897cc-e7a5-46d6-825b-793092f6c010,8e00b7fb-f20d-4beb-95eb-a01b677d336d
2024-06-25,304897cc-e7a5-46d6-825b-793092f6c010,6a42a332-bd9e-4b3d-87ca-34d8df1b7a3b
2024-06-26,304897cc-e7a5-46d6-825b-793092f6c010,42ba947e-64aa-47fd-89ca-baaf772b8c2a
2024-06-27,304897cc-e7a5-46d6-825b-793092f6c010,3f5d6395-0a94-4a58-b6e2-f53becc7f622
2024-06-28,304897cc-e7a5-46d6-825b-793092f6c010,bb6e5344-ad9f-4abd-9aff-684b039d5186
2024-06-29,304897cc-e7a5-46d6-825b-793092f6c010,dbb744db-0049-46d0-a13b-ecf06102fc34
2024-06-30,304897cc-e7a5-46d6-825b-793092f6c010,62a8564a-a5e3-411a-90d4-110ad0717a29
2024-08-01,aa54df7d-29c1-483a-b07b-1ee97b722d8f,794199a7-daf4-4715-b2d9-41d0604a58a3
2024-08-02,aa54df7d-29c1-483a-b07b-1ee97b722d8f,100ac5e0-06e9-45d2-9dd4-36dcaef572b8
2024-08-03,aa54df7d-29c1-483a-b07b-1ee97b722d8f,30b194e9-c60f-411a-b1c7-b3eccca7990f
2024-08-04,aa54df7d-29c1-483a-b07b-1ee97b722d8f,2551afaf-aaf6-474f-a6cd-ca2b2452b83f
2024-08-05,aa54df7d-29c1-483a-b07b-1ee97b722d8f,bc28b306-b38b-48da-af89-09ecafc57a02
2024-08-06,aa54df7d-29c1-483a-b07b-1ee97b722d8f,46506fda-ffa2-4305-835d-45cf497cfffa
2024-08-07,aa54df7d-29c1-483a-b07b-1ee97b722d8f,56013172-ccdf-4e89-8736-2a4fe4a8b028
2024-08-08,aa54df7d-29c1-483a-b07b-1ee97b722d8f,9bc7167f-2501-4a80-946a-7454c4dbb8f8
2024-08-09,aa54df7d-29c1-483a-b07b-1ee97b722d8f,d1f24f37-676a-4c3f-807e-2ed30aedab34
2024-08-10,aa54df7d-29c1-483a-b07b-1ee97b722d8f,2d8ede30-706d-48c2-a8a9-724058b7c76a
2024-08-11,aa54df7d-29c1-483a-b07b-1ee97b722d8f,3798ee0e-9570-4a1a-9b1c-694c8f3fb0a0
2024-08-12,aa54df7d-29c1-483a-b07b-1ee97b722d8f,3a3f0878-d5ce-486b-a3a9-5bc1f79e37c8
2024-08-13,aa54df7d-29c1-483a-b07b-1ee97b722d8f,d510052d-24b8-4606-8dd4-94c13b56b672
2024-08-14,aa54df7d-29c1-483a-b07b-1ee97b722d8f,4170ee41-2007-4014-9306-58d1169040cd
2024-08-15,aa54df7d-29c1-483a-b07b-1ee97b722d8f,765550bd-5867-4633-a986-f697791bb1fd
2024-08-16,aa54df7d-29c1-483a-b07b-1ee97b722d8f,dad656a7-81ec-4b2b-8e62-2148eacc4625
2024-08-17,aa54df7d-29c1-483a-b07b-1ee97b722d8f,49879ac6-ec87-413f-9f5e-3afb89a80ba2
2024-08-18,aa54df7d-29c1-483a-b07b-1ee97b722d8f,fa772d7a-3dd7-4eb2-9143-5fea7cc1d525
2024-08-19,aa54df7d-29c1-483a-b07b-1ee97b722d8f,56b89450-eb1d-4f96-bf4d-4089c61401f6
2024-08-20,aa54df7d-29c1-483a-b07b-1ee97b722d8f,10a1f725-43f8-4cfb-a394-1f1d3e83330e
2024-08-21,aa54df7d-29c1-483a-b07b-1ee97b722d8f,97cf9c0b-25bc-46c5-be57-6b2f23087b56
2024-08-22,aa54df7d-29c1-483a-b07b-1ee97b722d8f,c9989508-0803-422f-a6db-41e685bf3ee3
2024-08-23,aa54df7d-29c1-483a-b07b-1ee97b722d8f,76a4e66e-da67-483f-9f27-a58925ce7d45
2024-08-24,aa54df7d-29c1-483a-b07b-1ee97b722d8f,d30dff88-b8bf-4250-b7a0-e64feb785d64
2024-08-25,aa54df7d-29c1-483a-b07b-1ee97b722d8f,563645df-5600-4904-b3b7-dae4e903089a
2024-08-26,aa54df7d-29c1-483a-b07b-1ee97b722d8f,ece27dab-5157-43f8-8047-c4c22554ee98
2024-08-27,aa54df7d-29c1-483a-b07b-1ee97b722d8f,328b98f4-7793-4d2b-b254-14d211818afc
2024-08-28,aa54df7d-29c1-483a-b07b-1ee97b722d8f,cae5b43a-b869-442f-9ea7-d5aa9a998c85
2024-08-29,aa54df7d-29c1-483a-b07b-1ee97b722d8f,d8d3fd01-1e11-4a3f-a749-a33c37a47ada
2024-08-30,aa54df7d-29c1-483a-b07b-1ee97b722d8f,2a7cc95d-37e0-410a-a8f0-c222bed08d14
2024-08-31,aa54df7d-29c1-483a-b07b-1ee97b722d8f,0e3051ec-b2e6-46df-8af5-303623060ee8
2024-09-01,37b54665-027e-4e10-981c-afb7da1d8bb1,141ec3ce-cf0a-4d8a-a842-b775b2eb706e
2024-09-02,37b54665-027e-4e10-981c-afb7da1d8bb1,1781d984-f127-4014-8480-293535a96a9f
2024-09-03,37b54665-027e-4e10-981c-afb7da1d8bb1,314c1ca0-5593-4554-99de-59a9aafb18b4
2024-09-04,37b54665-027e-4e10-981c-afb7da1d8bb1,f8cf7a2a-a320-4525-ba39-53e1ad5221c7
2024-09-05,37b54665-027e-4e10-981c-afb7da1d8bb1,b432771c-5c63-4be1-81b1-aa3a6a49653f
2024-09-06,37b54665-027e-4e10-981c-afb7da1d8bb1,73a349ba-a270-451b-9b9f-39b0947660a3
2024-09-07,37b54665-027e-4e10-981c-afb7da1d8bb1,2f5b9ea3-1948-4e49-b54e-7ddf7c4176c6
2024-09-08,37b54665-027e-4e10-981c-afb7da1d8bb1,9b839bf1-c84f-4782-ac3b-a4fe50283415
2024-09-09,37b54665-027e-4e10-981c-afb7da1d8bb1,b311b57a-e27a-4b68-b705-6fe788090ea7
2024-09-10,37b54665-027e-4e10-981c-afb7da1d8bb1,33be0516-55ef-4fd2-8cea-55eca9bcdf71
2024-09-11,37b54665-027e-4e10-981c-afb7da1d8bb1,402db52b-7729-4422-a81e-958765baa06a
2024-09-12,37b54665-027e-4e10-981c-afb7da1d8bb1,da2d889f-9d38-414c-b6e5-32d2efc849c7
2024-09-13,37b54665-027e-4e10-981c-afb7da1d8bb1,de9e7ecd-cda3-43b2-91f5-bfa12b55a118
2024-09-14,37b54665-027e-4e10-981c-afb7da1d8bb1,e07dd006-2b35-4226-9118-4a462f678144
2024-09-15,37b54665-027e-4e10-981c-afb7da1d8bb1,11129ac8-1b4e-4cca-8d68-6f77815915a3
2024-09-16,37b54665-027e-4e10-981c-afb7da1d8bb1,c4741bda-7a41-4936-b72d-7b9d030d8268
2024-09-17,37b54665-027e-4e10-981c-afb7da1d8bb1,cf7fe30f-5113-422b-a865-62e54ee6e0fa
2024-09-18,37b54665-027e-4e10-981c-afb7da1d8bb1,3b5507a8-a160-490d-9120-1989bc5cbbe1
2024-09-19,37b54665-027e-4e10-981c-afb7da1d8bb1,a530e9ce-63f2-47bd-afe1-6049f2408aae
2024-09-20,37b54665-027e-4e10-981c-afb7da1d8bb1,57bb7c26-d796-4c20-a908-82bfe58227f9
2024-09-21,37b54665-027e-4e10-981c-afb7da1d8bb1,6219510b-ac9d-41b5-8c4c-61b5ca5371a2
2024-09-22,37b54665-027e-4e10-981c-afb7da1d8bb1,ea4e86ff-3798-4e11-8387-e378b455be58
2024-09-23,37b54665-027e-4e10-981c-afb7da1d8bb1,bb188ee1-6cdb-4066-9166-ff9b40e38c7b
2024-09-24,37b54665-027e-4e10-981c-afb7da1d8bb1,c52a6cd0-f47d-4c88-be4c-da087160bd03
2024-09-25,37b54665-027e-4e10-981c-afb7da1d8bb1,f8a08c71-72a4-45db-9a7b-895c95cc208c
2024-09-26,37b54665-027e-4e10-981c-afb7da1d8bb1,41ba8150-b250-4854-8d8d-da7e12a93c51
2024-09-27,37b54665-027e-4e10-981c-afb7da1d8bb1,fb173d81-075a-4017-a686-332fb6296a20
2024-09-28,37b54665-027e-4e10-981c-afb7da1d8bb1,fabd6fb0-5ceb-4eb9-9eee-30eb69eb9c87
2024-09-29,37b54665-027e-4e10-981c-afb7da1d8bb1,dd6fafdc-a46a-47c0-b66d-37613ebe9884
2024-09-30,37b54665-027e-4e10-981c-afb7da1d8bb1,f94b95bb-de48-4723-bd6e-3f441abd994f
2024-11-01,ff5fdeef-55ea-47da-aa3c-92a990a7117e,f1f50420-0337-416a-9752-ce7528d44fe2
2024-11-02,ff5fdeef-55ea-47da-aa3c-92a990a7117e,041590a0-5b8d-4023-b08e-b19c17810a63
2024-11-03,ff5fdeef-55ea-47da-aa3c-92a990a7117e,939d8d28-61cb-45ef-b82e-5ab33d801dbb
2024-11-04,ff5fdeef-55ea-47da-aa3c-92a990a7117e,5596a690-ea73-47c6-a9c9-2cdd7b556db2
2024-11-05,ff5fdeef-55ea-47da-aa3c-92a990a7117e,2d916fdd-e63a-4e2e-aad4-c3767a94a8e7
2024-11-06,ff5fdeef-55ea-47da-aa3c-92a990a7117e,4fb567bc-13f5-4e98-bd1c-114097901687
2024-11-07,ff5fdeef-55ea-47da-aa3c-92a990a7117e,886ae695-9695-4ed5-ab9e-12a07d2d08c0
2024-11-08,ff5fdeef-55ea-47da-aa3c-92a990a7117e,f745154c-c83b-4751-a370-2adf42909e5c
2024-11-09,ff5fdeef-55ea-47da-aa3c-92a990a7117e,554d92ff-e22f-4fb9-a6f4-36b0d1d25b1f
2024-11-10,ff5fdeef-55ea-47da-aa3c-92a990a7117e,dafcac2e-143b-4b28-a503-b03a6b227c72
2024-11-11,ff5fdeef-55ea-47da-aa3c-92a990a7117e,33983497-9e1c-485c-b58a-106a0726d251
2024-11-12,ff5fdeef-55ea-47da-aa3c-92a990a7117e,bd8e8a34-c1e0-4b82-9bb2-f5a109b7af2b
2024-11-13,ff5fdeef-55ea-47da-aa3c-92a990a7117e,caf90b9e-3428-4a5b-86b3-f29a2e382bc9
2024-11-14,ff5fdeef-55ea-47da-aa3c-92a990a7117e,b7738774-8d21-4ebd-b8af-c4eb028f5898
2024-11-15,ff5fdeef-55ea-47da-aa3c-92a990a7117e,d71bda8e-5832-42fc-9d4d-5592666fdd72
2024-11-16,ff5fdeef-55ea-47da-aa3c-92a990a7117e,70961f37-9738-4326-b19f-d27cda430686
2024-11-17,ff5fdeef-55ea-47da-aa3c-92a990a7117e,728fb7e1-d517-4ea4-8f73-92147b3026ad
2024-11-18,ff5fdeef-55ea-47da-aa3c-92a990a7117e,ccce5483-67c3-4870-9969-e2dc542cbdb8
2024-11-19,ff5fdeef-55ea-47da-aa3c-92a990a7117e,019e5f4e-8f3c-4b22-84f9-30a5a39d747e
2024-11-20,ff5fdeef-55ea-47da-aa3c-92a990a7117e,5e34e87d-a59e-425f-b13c-3deece1abe39
2024-11-21,ff5fdeef-55ea-47da-aa3c-92a990a7117e,59acde3b-ab9d-41fb-a48c-bfe177913574
2024-11-22,ff5fdeef-55ea-47da-aa3c-92a990a7117e,6fa37e21-fa45-4ea8-a5a1-61e2ae43d725
2024-11-23,ff5fdeef-55ea-47da-aa3c-92a990a7117e,663e0f8c-1d1e-4b05-b463-43f00e1d1a5e
2024-11-24,ff5fdeef-55ea-47da-aa3c-92a990a7117e,552a8d48-0c48-4efd-a9ae-463cb01338d5
2024-11-25,ff5fdeef-55ea-47da-aa3c-92a990a7117e,112cbf8d-69ef-4964-bfb6-f3f97511ffdc
2024-11-26,ff5fdeef-55ea-47da-aa3c-92a990a7117e,810df516-76a0-460d-8173-31bcc52519bb
2024-11-27,ff5fdeef-55ea-47da-aa3c-92a990a7117e,dd2091c3-15cf-4678-85b7-7144707efeb7
2024-11-28,ff5fdeef-55ea-47da-aa3c-92a990a7117e,c5ac2839-0474-4dd0-bf92-33e4a8f552b9
2024-11-29,ff5fdeef-55ea-47da-aa3c-92a990a7117e,b42ff722-5637-46fa-949e-432aa05b3c3d
2024-11-30,ff5fdeef-55ea-47da-aa3c-92a990a7117e,235c8daa-eae8-45a2-848b-16daf1228084
2024-12-01,4021a25c-14c0-4c2e-91d0-bef61bb8383a,8319336f-f505-4d81-9a52-c6e897501971
2024-12-02,4021a25c-14c0-4c2e-91d0-bef61bb8383a,81081998-18f7-4c17-b0af-1e5cbd20eca3
2024-12-03,4021a25c-14c0-4c2e-91d0-bef61bb8383a,43a37592-8ec3-440b-b449-7e2caec40d23
2024-12-04,4021a25c-14c0-4c2e-91d0-bef61bb8383a,d6c0d1d2-50a1-4895-bb9c-a78752d2e810
2024-12-05,4021a25c-14c0-4c2e-91d0-bef61bb8383a,382ff508-2657-41c6-bd92-8e7bd1aaa869
2024-12-06,4021a25c-14c0-4c2e-91d0-bef61bb8383a,432f5900-b858-4516-a30c-d83d95fc8d91
2024-12-07,4021a25c-14c0-4c2e-91d0-bef61bb8383a,6e7dc46c-b881-4552-bbed-6e92a0df23df
2024-12-08,4021a25c-14c0-4c2e-91d0-bef61bb8383a,6ed26dce-b235-49c8-a019-a316e9a7ea34
2024-12-09,4021a25c-14c0-4c2e-91d0-bef61bb8383a,a00520bb-fbf8-487e-9af2-f2b5b4074cc4
2024-12-10,4021a25c-14c0-4c2e-91d0-bef61bb8383a,b66fb662-ddb1-44b3-82de-d4110a884a0d
2024-12-11,4021a25c-14c0-4c2e-91d0-bef61bb8383a,0bd9023d-218e-44ee-9723-ee1bd00930bb
2024-12-12,4021a25c-14c0-4c2e-91d0-bef61bb8383a,d8b3eed3-3813-4b8d-8e80-191a69fea815
2024-12-13,4021a25c-14c0-4c2e-91d0-bef61bb8383a,3139a045-85f5-468f-b680-16de8048fc5c
2024-12-14,4021a25c-14c0-4c2e-91d0-bef61bb8383a,141bbbe2-f20c-4395-ad0d-aa550b28fe8f
2024-12-15,4021a25c-14c0-4c2e-91d0-bef61bb8383a,32552fd2-ba4e-41e5-8fd3-0b09624cb512
2024-12-16,4021a25c-14c0-4c2e-91d0-bef61bb8383a,5e128955-3367-45b3-8d5a-1909435ad488
2024-12-17,4021a25c-14c0-4c2e-91d0-bef61bb8383a,07b1bbf4-62ff-4129-97d3-fb2df773ce0a
2024-12-18,4021a25c-14c0-4c2e-91d0-bef61bb8383a,297d79a7-5535-4f92-8e6f-dc8f3bc2bd09
2024-12-19,4021a25c-14c0-4c2e-91d0-bef61bb8383a,c260bd2c-0cc2-45b1-857a-fe0ff6434c22
2024-12-20,4021a25c-14c0-4c2e-91d0-bef61bb8383a,7bd083c4-1671-44c0-8bcb-4c38c9e0553c
2024-12-21,4021a25c-14c0-4c2e-91d0-bef61bb8383a,06f4ebe7-0837-49a8-b3d2-f961eaa94969
2024-12-22,4021a25c-14c0-4c2e-91d0-bef61bb8383a,76d2deb2-4112-4c0a-a505-2313ee3b31a6
2024-12-23,4021a25c-14c0-4c2e-91d0-bef61bb8383a,67a213a0-874f-4e93-94f0-b1d0d8150248
2024-12-24,4021a25c-14c0-4c2e-91d0-bef61bb8383a,f3eb1d96-6666-4830-9c11-e1fddfb84210
2024-12-25,4021a25c-14c0-4c2e-91d0-bef61bb8383a,0b9efd7b-c1c3-4433-8e6f-ceb6e0120162
2024-12-26,4021a25c-14c0-4c2e-91d0-bef61bb8383a,6d5df456-abd5-446e-be39-bff28ee1b621
2024-12-27,4021a25c-14c0-4c2e-91d0-bef61bb8383a,926dd926-d3f7-443a-a864-3ad75dba87df
2024-12-28,4021a25c-14c0-4c2e-91d0-bef61bb8383a,65d16b9b-c892-4d86-8aef-60854db81b49
2024-12-29,4021a25c-14c0-4c2e-91d0-bef61bb8383a,0248ff22-fa9b-4d4b-af93-001829a3a08c
2024-12-30,4021a25c-14c0-4c2e-91d0-bef61bb8383a,abf187da-8336-4027-aac2-58e14fe344c3
2024-12-31,4021a25c-14c0-4c2e-91d0-bef61bb8383a,25569d03-9d71-45dd-828c-b38ef50aed5c
2024-11-14,1d428759-8686-4149-839c-733a856947a0,63c5c5b2-73fc-467b-b365-5e06d4743cd5
2024-11-15,1d428759-8686-4149-839c-733a856947a0,d980b7a2-f80f-470f-bf40-954a64362711
2024-11-16,1d428759-8686-4149-839c-733a856947a0,13732642-b688-4596-aabc-7d388b1eeb25
2024-12-20,36f85e66-fff8-4b69-b191-96e7e98e4b78,ed566db4-3992-4dcf-ab79-0e285bc17c4e
2024-12-21,36f85e66-fff8-4b69-b191-96e7e98e4b78,2b1879c0-5de8-42cd-8706-54f09a4408eb
2024-12-22,36f85e66-fff8-4b69-b191-96e7e98e4b78,8e5432ca-14c2-4f8c-801b-9da1232bfc29
2024-12-23,36f85e66-fff8-4b69-b191-96e7e98e4b78,88c7099f-ed4e-47ec-9f6a-ce6fd99ff4e7
2024-12-24,36f85e66-fff8-4b69-b191-96e7e98e4b78,a79d2159-0a81-4bb8-8c31-987f04fbb50c
2024-12-25,36f85e66-fff8-4b69-b191-96e7e98e4b78,ef8259c1-5154-402b-985e-b4cfd633c34f
2024-12-26,36f85e66-fff8-4b69-b191-96e7e98e4b78,c349163a-d478-4fa4-923d-fe231d05d39a
2024-12-27,36f85e66-fff8-4b69-b191-96e7e98e4b78,47dc54d4-73b4-43c8-bc30-01f13456e76e
2024-12-27,225757e6-3ea8-4548-b552-dd19b2899f6d,783f82c9-4d60-4c89-bc4d-c105b96f5940
2024-12-28,225757e6-3ea8-4548-b552-dd19b2899f6d,1ba950bb-f2cc-44f8-85c6-8be68e5cb74a
2024-12-29,225757e6-3ea8-4548-b552-dd19b2899f6d,fd51adb5-50e4-4b64-bec5-77f4f1053344
2024-12-30,225757e6-3ea8-4548-b552-dd19b2899f6d,6a947c3e-09d1-4ce6-8152-2a968dc10de2
2024-12-31,225757e6-3ea8-4548-b552-dd19b2899f6d,f325d3dc-fdc3-4edf-ac3b-3f8bfa042b72
2025-01-01,225757e6-3ea8-4548-b552-dd19b2899f6d,41ab8da4-09f7-4551-a07c-8542597de4b3
2025-01-02,225757e6-3ea8-4548-b552-dd19b2899f6d,6f398347-22ed-440c-96d4-6d15b4759ecf
2025-01-03,225757e6-3ea8-4548-b552-dd19b2899f6d,86cdaa4c-ba03-4c54-a9d2-5a3f848e88a0
2024-11-15,cf0272ec-1f5b-4bf3-baa1-862df383fef8,12b3fa7d-219f-41c7-8ea0-03d33532616d
2024-11-16,cf0272ec-1f5b-4bf3-baa1-862df383fef8,2268262b-4cc7-45ec-9f3d-8025caa3b8d3
2024-11-17,cf0272ec-1f5b-4bf3-baa1-862df383fef8,0d017d2e-eda7-4a56-b9e9-d7c36ed258a3
2024-07-01,e80e3306-7f81-473d-8f91-22ffbf5d8edf,faacb5b0-baa9-45a2-be04-0bdcd7840925
2024-07-02,e80e3306-7f81-473d-8f91-22ffbf5d8edf,f1d007b4-bad3-4484-90e5-81c8136fc9b3
2024-07-03,e80e3306-7f81-473d-8f91-22ffbf5d8edf,127e06a2-9a05-4f5e-876e-ccdff3e0bceb
2024-07-04,e80e3306-7f81-473d-8f91-22ffbf5d8edf,e2aac09b-f993-48ff-9f46-e9a9eee24d84
2024-07-05,e80e3306-7f81-473d-8f91-22ffbf5d8edf,20de12b5-a722-4c28-9004-35c1cac1810e
2024-07-06,e80e3306-7f81-473d-8f91-22ffbf5d8edf,19f19282-cc7b-4f52-bc25-ffb3373cf200
2024-07-07,e80e3306-7f81-473d-8f91-22ffbf5d8edf,589e3607-fc7c-4370-82e1-6e5229ea29ea
2024-07-08,e80e3306-7f81-473d-8f91-22ffbf5d8edf,e6fe8237-a8f5-477c-a4f0-7a8aaefe5dc6
2024-07-09,e80e3306-7f81-473d-8f91-22ffbf5d8edf,57b9b6f2-db8f-4fe7-83e4-6b65e3e35222
2024-07-10,e80e3306-7f81-473d-8f91-22ffbf5d8edf,ac2fa1a7-5bf6-4d95-bbbf-c192c4c31cf7
2024-07-11,e80e3306-7f81-473d-8f91-22ffbf5d8edf,1e029790-a79f-4dce-a73f-8782f23024b3
2024-07-12,e80e3306-7f81-473d-8f91-22ffbf5d8edf,c14a05ca-0722-4585-a094-6d28aea8e27a
2024-07-13,e80e3306-7f81-473d-8f91-22ffbf5d8edf,13158f5e-cdfd-42bf-bca9-adeca10d0aa9
2024-07-14,e80e3306-7f81-473d-8f91-22ffbf5d8edf,16dd9c1a-e449-4b69-8c55-d468e7e1e057
2024-07-15,e80e3306-7f81-473d-8f91-22ffbf5d8edf,9d755185-9f4b-46be-b342-f0b9fd4b3813
2024-07-16,e80e3306-7f81-473d-8f91-22ffbf5d8edf,2380d4ff-5d35-4f75-839b-81138535f31b
2024-07-17,e80e3306-7f81-473d-8f91-22ffbf5d8edf,8c7850d7-4475-4d2f-83f0-5b6a68aaf252
2024-07-18,e80e3306-7f81-473d-8f91-22ffbf5d8edf,0691ab3e-fa16-4bde-a88a-ff44f1318743
2024-07-19,e80e3306-7f81-473d-8f91-22ffbf5d8edf,f22213e5-0f20-405e-975e-552c8c6c9869
2024-07-20,e80e3306-7f81-473d-8f91-22ffbf5d8edf,d6c3f880-1557-470f-bf7f-3758b02c5918
2024-07-21,e80e3306-7f81-473d-8f91-22ffbf5d8edf,8a8df860-acab-4295-a765-2b97c70b0af2
2024-07-22,e80e3306-7f81-473d-8f91-22ffbf5d8edf,c605a854-60e6-4e68-9c83-aadd2a4df0a6
2024-07-23,e80e3306-7f81-473d-8f91-22ffbf5d8edf,d949c9aa-08f0-4edb-b69c-a213daadf6d3
2024-07-24,e80e3306-7f81-473d-8f91-22ffbf5d8edf,94311cf1-80e9-40f7-887e-94966a275c0e
2024-07-25,e80e3306-7f81-473d-8f91-22ffbf5d8edf,a32f7b85-42c4-4cf1-b9bf-11615e896f1d
2024-07-26,e80e3306-7f81-473d-8f91-22ffbf5d8edf,ce417d61-810e-45fa-ad22-23ad27982918
2024-07-27,e80e3306-7f81-473d-8f91-22ffbf5d8edf,60b4bc6d-470f-4391-8144-c86356687081
2024-07-28,e80e3306-7f81-473d-8f91-22ffbf5d8edf,211bec16-f991-46ab-a9cb-da83b6915cdb
2024-07-29,e80e3306-7f81-473d-8f91-22ffbf5d8edf,1e2bb088-5158-4b73-a643-50a0fdc99142
2024-07-30,e80e3306-7f81-473d-8f91-22ffbf5d8edf,a476f9f5-1fb9-4bf2-9e67-724356006d75
2024-07-31,e80e3306-7f81-473d-8f91-22ffbf5d8edf,a6707352-5352-4a5d-84ee-b133aa7946eb
2024-07-01,f6dba905-12cb-4089-9622-230049179053,caf22d05-b46c-48f9-96d7-5409eec3ee9e
2024-07-02,f6dba905-12cb-4089-9622-230049179053,ca6c9e24-b13f-4117-a6a9-d170b31f79e7
2024-07-03,f6dba905-12cb-4089-9622-230049179053,51de4663-1c77-4769-88b9-8d96703cf87a
2024-07-04,f6dba905-12cb-4089-9622-230049179053,00ee0cae-a165-41a6-960e-4e6d7c1f34fb
2024-07-05,f6dba905-12cb-4089-9622-230049179053,db13f35e-943e-4f2c-8c8d-258e411348ba
2024-07-06,f6dba905-12cb-4089-9622-230049179053,2c97be12-b550-4c8c-853f-d1bfa2fe4ec9
2024-07-07,f6dba905-12cb-4089-9622-230049179053,affe8936-92de-4ae2-b849-a4dbaafabe42
2024-07-08,f6dba905-12cb-4089-9622-230049179053,ddeac114-e8b0-43a3-8615-966ff590b726
2024-07-09,f6dba905-12cb-4089-9622-230049179053,d2edaf0a-6ce4-46df-a1df-1959c25536f3
2024-07-10,f6dba905-12cb-4089-9622-230049179053,68a68f36-78e0-4abe-bc70-859ead58df22
2024-07-11,f6dba905-12cb-4089-9622-230049179053,3d9a91ca-c4af-46f5-94ae-c50cc6d90527
2024-07-12,f6dba905-12cb-4089-9622-230049179053,7f216a4c-b6f1-4647-9d4c-569c5164234d
2024-07-13,f6dba905-12cb-4089-9622-230049179053,632253ca-f006-4739-9347-48f625ab6d84
2024-07-14,f6dba905-12cb-4089-9622-230049179053,34e25957-d4f1-4bc0-8ed0-7f194726a127
2024-07-15,f6dba905-12cb-4089-9622-230049179053,cc963371-833f-46c2-a036-855592f6b7b3
2024-07-16,f6dba905-12cb-4089-9622-230049179053,4922b31c-271c-4fa5-b643-493dcc63c55c
2024-07-17,f6dba905-12cb-4089-9622-230049179053,b470559f-11c9-4854-8221-5312de5e5d24
2024-07-18,f6dba905-12cb-4089-9622-230049179053,5d3a5bdf-dc3f-43e4-9dc7-bf258315d4de
2024-07-19,f6dba905-12cb-4089-9622-230049179053,36e506ea-81b2-4ee2-8b69-4656d4a3e0bf
2024-07-20,f6dba905-12cb-4089-9622-230049179053,8e42f73b-779d-47ac-a03c-c035cc082e0c
2024-07-21,f6dba905-12cb-4089-9622-230049179053,80119a59-2d33-4d90-ad58-f2620b8a360a
2024-07-22,f6dba905-12cb-4089-9622-230049179053,3f6d900c-a155-4a28-a8a3-f6c933c28412
2024-07-23,f6dba905-12cb-4089-9622-230049179053,7c4f4b32-59ca-4a78-8c11-b0fe77750811
2024-07-24,f6dba905-12cb-4089-9622-230049179053,84c25706-83e3-4426-9f37-b26acb977dfd
2024-07-25,f6dba905-12cb-4089-9622-230049179053,a29aacc3-8798-4ca8-8bb3-2d50acc8888d
2024-07-26,f6dba905-12cb-4089-9622-230049179053,55bcaf99-743c-49ff-8cc6-180a9bda7080
2024-07-27,f6dba905-12cb-4089-9622-230049179053,8a0d4d36-5222-49a2-8df8-fa645d42a042
2024-07-28,f6dba905-12cb-4089-9622-230049179053,f93b8c50-204a-48f0-b546-632009c6928c
2024-07-29,f6dba905-12cb-4089-9622-230049179053,c792892f-c5fe-4735-a10a-64627f05e030
2024-07-30,f6dba905-12cb-4089-9622-230049179053,b7ff58d8-f45b-43ea-aa8d-6e274651cdcf
2024-07-31,f6dba905-12cb-4089-9622-230049179053,954938b8-5565-4176-a8d1-604c7e551af6
2024-07-01,c8c97411-0847-45b6-9d07-026273d57447,7ce63337-4289-4bda-8b94-05f6d7f7569a
2024-07-02,c8c97411-0847-45b6-9d07-026273d57447,902ca898-da19-4bc1-b6b7-cbc917491780
2024-07-03,c8c97411-0847-45b6-9d07-026273d57447,e96ea2f4-15e4-4562-8c63-79ee3b1a2183
2024-07-04,c8c97411-0847-45b6-9d07-026273d57447,0bacac4f-9330-4e0c-8263-173e5249410e
2024-07-05,c8c97411-0847-45b6-9d07-026273d57447,bf6480fe-d096-4639-9085-471ac25524cd
2024-07-06,c8c97411-0847-45b6-9d07-026273d57447,f825e735-10e8-4f5e-8774-500d136b6652
2024-07-07,c8c97411-0847-45b6-9d07-026273d57447,8e1840f6-8e39-4957-bc6b-c3e52b91e3d2
2024-07-08,c8c97411-0847-45b6-9d07-026273d57447,77ebc2fc-2459-4da6-ac68-ccc79837174e
2024-07-09,c8c97411-0847-45b6-9d07-026273d57447,2292470e-9aae-42bc-93d0-387240d0c0b7
2024-07-10,c8c97411-0847-45b6-9d07-026273d57447,b6294a66-8d8a-470f-aa69-97ab99c52af9
2024-07-11,c8c97411-0847-45b6-9d07-026273d57447,7a3817ce-200a-4369-886e-03d1176ff6bc
2024-07-12,c8c97411-0847-45b6-9d07-026273d57447,1d9bb792-21e8-44af-bb58-908bf5c31bb7
2024-07-13,c8c97411-0847-45b6-9d07-026273d57447,b91a9b59-23a6-41ef-b551-ab36eb57bad2
2024-07-14,c8c97411-0847-45b6-9d07-026273d57447,b3310d04-dada-42c7-95c3-6d1d4282e538
2024-07-15,c8c97411-0847-45b6-9d07-026273d57447,0096c709-4395-481e-854c-f3d2a79a5eb2
2024-07-16,c8c97411-0847-45b6-9d07-026273d57447,c187be94-2eed-444c-8c48-058d32af68ff
2024-07-17,c8c97411-0847-45b6-9d07-026273d57447,7110f5a0-a32e-434a-b8e8-4f9877721444
2024-07-18,c8c97411-0847-45b6-9d07-026273d57447,ebacbcd8-a046-4fd3-a2f4-39e1d6e4451d
2024-07-19,c8c97411-0847-45b6-9d07-026273d57447,0f2ea264-28a6-4811-8f97-f2da1d81e3b8
2024-07-20,c8c97411-0847-45b6-9d07-026273d57447,c8d44b5a-05ca-4e64-9db8-f345f1c4345d
2024-07-21,c8c97411-0847-45b6-9d07-026273d57447,8bd7cdd4-b72f-44c8-8ade-3f23ee8a5818
2024-07-22,c8c97411-0847-45b6-9d07-026273d57447,96b63492-2b31-439d-b817-1ab83f7ca9a7
2024-07-23,c8c97411-0847-45b6-9d07-026273d57447,38859619-05f2-43aa-be04-e99e496ca152
2024-07-24,c8c97411-0847-45b6-9d07-026273d57447,acae0c7f-a737-4852-9d06-e985ab3f0293
2024-07-25,c8c97411-0847-45b6-9d07-026273d57447,034b3c43-399d-426f-b81a-23b6125bbd58
2024-07-26,c8c97411-0847-45b6-9d07-026273d57447,e021bff4-986e-4a59-accc-8c40d79e7292
2024-07-27,c8c97411-0847-45b6-9d07-026273d57447,20e3638d-4ba1-412f-b03a-7b2b5ce903d7
2024-07-28,c8c97411-0847-45b6-9d07-026273d57447,8c7a1c6e-79c9-4b18-8f98-0c7bb1bef8d2
2024-07-29,c8c97411-0847-45b6-9d07-026273d57447,cebebab8-efc6-4e5b-90db-13156e66eff3
2024-07-30,c8c97411-0847-45b6-9d07-026273d57447,d1547d19-21c5-4d91-9562-8baf3b228e55
2024-07-31,c8c97411-0847-45b6-9d07-026273d57447,b1a3651c-5bd6-483d-a055-d257696d0ec9
2024-07-01,edba42a4-940a-4640-b4cd-1f81c1640dec,cafe94c6-dc78-427a-9066-7c5b8a95596f
2024-07-02,edba42a4-940a-4640-b4cd-1f81c1640dec,15402426-9ae7-417d-96b6-d89b123b6bf9
2024-07-03,edba42a4-940a-4640-b4cd-1f81c1640dec,ab26f4b6-5c99-44fd-b77b-dab56c21b39a
2024-07-04,edba42a4-940a-4640-b4cd-1f81c1640dec,6b65104d-8bba-4952-a513-554d0aabf17a
2024-07-05,edba42a4-940a-4640-b4cd-1f81c1640dec,4c1c9342-4444-4f51-bb48-37c799823422
2024-07-06,edba42a4-940a-4640-b4cd-1f81c1640dec,c34ce9c8-5816-442c-80b7-3ef55daea191
2024-07-07,edba42a4-940a-4640-b4cd-1f81c1640dec,7660d9eb-c5b4-451c-8b79-1e77c5f0e731
2024-07-08,edba42a4-940a-4640-b4cd-1f81c1640dec,0c5601c9-136a-45f9-835c-a17cab6d1ca5
2024-07-09,edba42a4-940a-4640-b4cd-1f81c1640dec,8a8cfbdb-2f73-44f9-8d4d-70aeceabfc6e
2024-07-10,edba42a4-940a-4640-b4cd-1f81c1640dec,ab63e17e-2fe9-493f-8474-883ca2028de4
2024-07-11,edba42a4-940a-4640-b4cd-1f81c1640dec,21b639e0-8881-41be-ab07-ba10368ef729
2024-07-12,edba42a4-940a-4640-b4cd-1f81c1640dec,138e3022-8221-4e20-a07b-472382a007e8
2024-07-13,edba42a4-940a-4640-b4cd-1f81c1640dec,acdd288b-8953-4af8-993c-ac766df5a759
2024-07-14,edba42a4-940a-4640-b4cd-1f81c1640dec,e8e6654e-3337-4a1e-9444-081bcd4f4b37
2024-07-15,edba42a4-940a-4640-b4cd-1f81c1640dec,2b98b845-ff2b-461e-a4e7-b4ffe0a897b2
2024-07-16,edba42a4-940a-4640-b4cd-1f81c1640dec,768a1a1a-6c13-438a-a3a6-d397bf80d020
2024-07-17,edba42a4-940a-4640-b4cd-1f81c1640dec,6c73cb98-a6ee-40cc-ba43-047f0b1339cd
2024-07-18,edba42a4-940a-4640-b4cd-1f81c1640dec,dd5f8663-af2b-491f-96e8-17ff5a50a103
2024-07-19,edba42a4-940a-4640-b4cd-1f81c1640dec,088378ba-af79-40b9-837c-d1b4f2e2e750
2024-07-20,edba42a4-940a-4640-b4cd-1f81c1640dec,eb39f02b-473c-4ce3-b54c-01ca534b58d0
2024-07-21,edba42a4-940a-4640-b4cd-1f81c1640dec,a90fb7e3-12a8-4543-9c06-8505f2ebd35f
2024-07-22,edba42a4-940a-4640-b4cd-1f81c1640dec,ffbbd7e2-8bb9-4f3d-aa10-6858413635da
2024-07-23,edba42a4-940a-4640-b4cd-1f81c1640dec,dbb7dceb-52d1-4e4a-90c3-d1c8ea47582e
2024-07-24,edba42a4-940a-4640-b4cd-1f81c1640dec,5b6e282c-9a13-4689-ac76-073cc1340982
2024-07-25,edba42a4-940a-4640-b4cd-1f81c1640dec,aee45992-3422-47f5-819b-e43415adf18d
2024-07-26,edba42a4-940a-4640-b4cd-1f81c1640dec,111fbeec-a181-47ea-861d-e8a5c515d6ea
2024-07-27,edba42a4-940a-4640-b4cd-1f81c1640dec,168b962d-7d69-46cc-b2f8-aa41bcc3e3a3
2024-07-28,edba42a4-940a-4640-b4cd-1f81c1640dec,7ae32442-9f1c-4def-9665-5d1c3f96757e
2024-07-29,edba42a4-940a-4640-b4cd-1f81c1640dec,98342647-9741-42a6-b852-e361d5c41c8d
2024-07-30,edba42a4-940a-4640-b4cd-1f81c1640dec,98bc3a8a-c48a-43e3-aee2-179d01623eb2
2024-07-31,edba42a4-940a-4640-b4cd-1f81c1640dec,6bb90190-7d2b-4ef0-989b-108e5a7ee996
